{
  "version": 1,
  "author": "frozendrizzle",
  "editor": "wokwi",
  "parts": [
    { "type": "wokwi-breadboard-half", "id": "bb1", "top": -70.2, "left": 89.2, "attrs": {} },
    { "type": "wokwi-arduino-uno", "id": "uno", "top": -66.6, "left": -211.8, "attrs": {} },
    { "type": "wokwi-led", "id": "led1", "top": 6, "left": 311, "attrs": { "color": "red" } },
    { "type": "wokwi-servo", "id": "servo1", "top": 199.6, "left": 144, "attrs": {} },
    { "type": "wokwi-hc-sr04", "id": "ultrasonic1", "top": -219.3, "left": 91.9, "attrs": {} },
    {
      "type": "wokwi-led",
      "id": "led2",
      "top": 6,
      "left": 147.8,
      "attrs": { "color": "limegreen" }
    },
    {
      "type": "wokwi-resistor",
      "id": "r1",
      "top": 51.95,
      "left": 172.8,
      "attrs": { "value": "1000" }
    },
    {
      "type": "wokwi-resistor",
      "id": "r2",
      "top": 61.55,
      "left": 336,
      "attrs": { "value": "1000" }
    }
  ],
  "connections": [
    [ "ultrasonic1:VCC", "bb1:tp.5", "red", [ "v67.2" ] ],
    [ "ultrasonic1:GND", "bb1:tn.7", "black", [ "v0" ] ],
    [ "bb1:tp.1", "uno:5V", "red", [ "v-28.5", "h-46.4", "v240", "h-124.8" ] ],
    [ "uno:GND.2", "bb1:bn.1", "black", [ "v47.9", "h3.9" ] ],
    [ "ultrasonic1:TRIG", "bb1:7t.a", "magenta", [ "v0" ] ],
    [ "ultrasonic1:ECHO", "bb1:8t.a", "green", [ "v0" ] ],
    [ "bb1:7t.b", "uno:2", "magenta", [ "v0", "h-144" ] ],
    [ "uno:3", "bb1:8t.c", "green", [ "v57.6", "h4" ] ],
    [ "servo1:GND", "bb1:bn.2", "black", [ "h0" ] ],
    [ "bb1:tp.25", "servo1:V+", "red", [ "v0.3", "h20.8", "v278.4", "h-297.6", "v28.8" ] ],
    [ "servo1:PWM", "uno:6", "orange", [ "h-384", "v-355", "h240" ] ],
    [ "bb1:13b.f", "uno:5", "green", [ "v-9.6", "h-230.4" ] ],
    [ "uno:4", "bb1:30b.g", "green", [ "v86.4", "h13.5" ] ],
    [ "led2:A", "bb1:7b.f", "", [ "$bb" ] ],
    [ "led2:C", "bb1:6b.f", "", [ "$bb" ] ],
    [ "r1:1", "bb1:7b.g", "", [ "$bb" ] ],
    [ "r1:2", "bb1:13b.g", "", [ "$bb" ] ],
    [ "r2:1", "bb1:24b.h", "", [ "$bb" ] ],
    [ "r2:2", "bb1:30b.h", "", [ "$bb" ] ],
    [ "bb1:23b.j", "bb1:bn.19", "black", [ "v0" ] ],
    [ "bb1:6b.j", "bb1:bn.5", "black", [ "v0" ] ],
    [ "led1:A", "bb1:24b.f", "", [ "$bb" ] ],
    [ "led1:C", "bb1:23b.f", "", [ "$bb" ] ]
  ],
  "dependencies": {}
}